Storage Cost,Sum of Recreation Cost,Max Recreation,overhead,
29736,1481423,3020,0.021554
29736,1481423,3020,0.021233
29736,1481423,3020,0.017362
29736,1481423,3020,0.015472
