Storage limitation,Storage Cost,Sum of Recreation Cost,Max Recreation,overhead,
27056,27145,1247614,3803,0.014927
29960,27333,946616,2212,0.009081
32864,27559,664829,1626,0.00902
35768,28186,276723,633,0.009318
38672,28186,276723,633,0.009274
41576,29171,188474,341,0.009498
44480,29787,165410,283,0.009669
47384,29833,158025,262,0.009869
50288,29833,158025,262,0.009942
53192,30089,154799,254,0.010123
