Storage Cost,Sum of Recreation Cost,Max Recreation,overhead,
709893,2594770,18071,0.021434
709893,2594770,18071,0.022819
709893,2594770,18071,0.02082
709893,2594770,18071,0.020623
