Storage Cost,Sum of Recreation Cost,Max Recreation,overhead,
634900,3271641,34585,0.773938
706396,784015,16187,0.747682
779347,1003944,22537,0.763234
846086,1013712,22537,0.761926
918235,1045698,22537,0.747391
997939,1110696,22537,0.753187
1070087,1176238,22537,0.761425
1150379,1253464,22537,0.753719
1217607,1318583,22537,0.765725
1298179,1394728,22537,0.756071
