Storage Cost,Sum of Recreation Cost,Max Recreation,overhead,
1007294,31042567,62178,0.021436
1007294,31042567,62178,0.02148
1007294,31042567,62178,0.017333
1007294,31042567,62178,0.015238
