Storage limitation,Storage Cost,Sum of Recreation Cost,Max Recreation,overhead,
839842,844754,4658172,13117,0.011521
870568,844754,4658172,13117,0.010556
901294,852048,4258601,9520,0.010455
932020,859927,3565740,6934,0.010411
962746,877101,3081412,5112,0.011019
993472,877101,3081412,5112,0.011052
1024198,877101,3081412,5112,0.011033
1054924,886971,2891101,4745,0.010954
1085650,886971,2891101,4745,0.01141
1116376,886971,2891101,4745,0.011059
