epoch,lr,loss,iou,val_loss,val_iou
0,0.001,1.145460717605822,0.17872657943543901,1.1507751123229069,0.14571165887234375
