Storage Cost,Sum of Recreation Cost,Max Recreation,overhead,
102335,62101432,121183,0.051833
102335,62101432,121183,0.045793
102335,62101432,121183,0.031898
102335,62101432,121183,0.027028
